<?xml version="1.0" encoding="utf-8" ?>
<dwsync>
<file name="routes.php" server="joyonto.net" local="130110836646576973" remote="130111248000000000" Dst="2" />
<file name="autoload.php" server="joyonto.net" local="130111382955162574" remote="130113249000000000" Dst="2" />
<file name="database.php" server="6ad.311.myftpupload.com/projects/hms/" local="130253854580037270" remote="130253638800000000" Dst="0" />
<file name="config.php" server="6ad.311.myftpupload.com/projects/hms/" local="130209493470004049" remote="130209290400000000" Dst="0" />
<file name="autoload.php" server="6ad.311.myftpupload.com/projects/hms/" local="130253836518194192" remote="130253626800000000" Dst="0" />
<file name="constants.php" server="6ad.311.myftpupload.com/projects/hms/" local="129941795120000000" remote="130253626800000000" Dst="0" />
<file name="foreign_chars.php" server="6ad.311.myftpupload.com/projects/hms/" local="129941795120000000" remote="130253626800000000" Dst="0" />
<file name="hooks.php" server="6ad.311.myftpupload.com/projects/hms/" local="129941795120000000" remote="130253626800000000" Dst="0" />
<file name="doctypes.php" server="6ad.311.myftpupload.com/projects/hms/" local="129941795120000000" remote="130253627400000000" Dst="0" />
<file name="index.html" server="6ad.311.myftpupload.com/projects/hms/" local="129664507580000000" remote="130253627400000000" Dst="0" />
<file name="migration.php" server="6ad.311.myftpupload.com/projects/hms/" local="129941795120000000" remote="130253627400000000" Dst="0" />
<file name="mimes.php" server="6ad.311.myftpupload.com/projects/hms/" local="129941795120000000" remote="130253627400000000" Dst="0" />
<file name="profiler.php" server="6ad.311.myftpupload.com/projects/hms/" local="129941795120000000" remote="130253627400000000" Dst="0" />
<file name="routes.php" server="6ad.311.myftpupload.com/projects/hms/" local="130201581578217581" remote="130253627400000000" Dst="0" />
<file name="user_agents.php" server="6ad.311.myftpupload.com/projects/hms/" local="129941795120000000" remote="130253627400000000" Dst="0" />
<file name="smileys.php" server="6ad.311.myftpupload.com/projects/hms/" local="129941795120000000" remote="130253627400000000" Dst="0" />
</dwsync>