<?xml version="1.0" encoding="utf-8" ?>
<dwsync>
<file name="install.php" server="joyonto.net" local="130112137897515882" remote="130113246000000000" Dst="2" />
<file name="admin.php" server="joyonto.net" local="130112255075269299" remote="130113249000000000" Dst="2" />
<file name="index.html" server="joyonto.net" local="129664507580000000" remote="130113249000000000" Dst="2" />
<file name="login.php" server="joyonto.net" local="130112112219397178" remote="130113249000000000" Dst="2" />
<file name="doctor.php" server="6ad.311.myftpupload.com/projects/hms/" local="130253705605156394" remote="130253627400000000" Dst="0" />
<file name="accountant.php" server="6ad.311.myftpupload.com/projects/hms/" local="130253523891990428" remote="130253627400000000" Dst="0" />
<file name="index.html" server="6ad.311.myftpupload.com/projects/hms/" local="129664507580000000" remote="130209282000000000" Dst="0" />
<file name="install.php" server="6ad.311.myftpupload.com/projects/hms/" local="130112137897515882" remote="130209282000000000" Dst="0" />
<file name="login.php" server="6ad.311.myftpupload.com/projects/hms/" local="130252873773288783" remote="130253627400000000" Dst="0" />
<file name="laboratorist.php" server="6ad.311.myftpupload.com/projects/hms/" local="130253523479866856" remote="130253627400000000" Dst="0" />
<file name="admin.php" server="6ad.311.myftpupload.com/projects/hms/" local="130253518702103583" remote="130253627400000000" Dst="0" />
<file name="multilanguage.php" server="6ad.311.myftpupload.com/projects/hms/" local="130201631516393882" remote="130209282600000000" Dst="0" />
<file name="pharmacist.php" server="6ad.311.myftpupload.com/projects/hms/" local="130253522933505606" remote="130253627400000000" Dst="0" />
<file name="nurse.php" server="6ad.311.myftpupload.com/projects/hms/" local="130253521953009525" remote="130253627400000000" Dst="0" />
<file name="patient.php" server="6ad.311.myftpupload.com/projects/hms/" local="130253865688282625" remote="130253650200000000" Dst="0" />
<file name="patient.php" server="F:/wamp/www/patientfront/" local="131109911393107458" remote="131109911390000000" Dst="0" />
</dwsync>